{"count":1,"self":13256.8162304,"total":284922.9759183,"children":{"InitializeActuators":{"count":6717,"self":0.0931815,"total":0.0931815,"children":null},"InitializeSensors":{"count":6717,"self":0.7560036,"total":0.7560036,"children":null},"AgentSendState":{"count":20353002,"self":326.4702976,"total":157321.84112199998,"children":{"CollectObservations":{"count":15000099,"self":49.123804799999995,"total":49.123805399999995,"children":null},"WriteActionMask":{"count":15000099,"self":58.6899392,"total":58.6899369,"children":null},"RequestDecision":{"count":15000099,"self":187.4395136,"total":156887.55707389998,"children":{"AgentInfo.ToProto":{"count":15000099,"self":190.6610816,"total":156700.117562,"children":{"GenerateSensorData":{"count":15000099,"self":4199.3392128,"total":156509.4564817,"children":{"CameraSensor.GetCompressedObservation":{"count":15000099,"self":152310.120448,"total":152310.1174041,"children":null}}}}}}}}},"DecideAction":{"count":20353002,"self":113900.9388544,"total":113900.9442226,"children":null},"AgentAct":{"count":20353002,"self":341.33918719999997,"total":341.3391944,"children":null},"AgentInfo.ToProto":{"count":9441,"self":0.13310819999999998,"total":101.1845664,"children":{"GenerateSensorData":{"count":9441,"self":0.4352626,"total":101.0514582,"children":{"CameraSensor.GetCompressedObservation":{"count":9441,"self":100.6161984,"total":100.6161956,"children":null}}}}}},"gauges":{"CoOpDefender.CumulativeReward":{"count":3635,"max":12230.9414,"min":0,"runningAverage":6419.673,"value":10384.2393,"weightedAverage":8502.285}},"metadata":{"timer_format_version":"0.1.0","start_time_seconds":"1671574657","unity_version":"2020.3.32f1","command_line_arguments":"C:\\Program Files\\Unity\\Hub\\Editor\\2020.3.32f1\\Editor\\Unity.exe -projectpath C:\\Users\\Johna\\Current Projects\\Unity Reinforcement Learning\\UnityDroneRL -useHub -hubIPC -cloudEnvironment production -licensingIpc LicenseClient-Johna -hubSessionId fd8751b0-7fdc-11ed-a031-6fec2e3bd422","communication_protocol_version":"1.5.0","com.unity.ml-agents_version":"2.0.1","scene_name":"CoOpVisionDroneRL","end_time_seconds":"1671859580"}}